2024-10-25 21:08:14.437258,[47.66, 'f'],[34.45322188406432, 'f'],[60, '%'],[0.0, ' in/hr', 'Currently Dry', 0],[0.0, ' in', 0, 1729908494.4173565],['NNW', '', 'NNW', 'North [color=9aba2fff]NW[/color]'],[2.326413743736576, 'mph', 1.0, '1', 'Light Air'],[25.276381802892075, ' inHg', 855.9531394371193],[0, 'count', 0, 1729908494.2886026],[19.88384, 'miles'],[0.0, '/min', 0.0, '/min']
2024-10-25 21:08:32.099440,[47.66, 'f'],[34.45322188406432, 'f'],[60, '%'],[0.0, ' in/hr', 'Currently Dry', 0],[0.0, ' in', 0, 1729908512.0784798],['NNW', '', 'NNW', 'North [color=9aba2fff]NW[/color]'],[2.326413743736576, 'mph', 1.0, '1', 'Light Air'],[25.276381802892075, ' inHg', 855.9531394371193],[0, 'count', 0, 1729908511.9444396],[19.88384, 'miles'],[0.0, '/min', 0.0, '/min']
2024-10-25 21:09:37.267353,[47.66, 'f'],[34.45322188406432, 'f'],[60.0, '%'],[0.0, ' in/hr', 'Currently Dry', 0.0],[0.0, ' in', 0.0, 1729908577.2668178],['NNW', '', 'NNW', 'North [color=9aba2fff]NW[/color]'],[2.1250894774516795, 'mph', 1.0, '1', 'Light Air'],[25.276381802892075, ' inHg', 855.9531394371193],[0.0, 'count', 0.0, 1729908577.2117925],[19.88384, 'miles'],[0.0, '/min', 0.0, '/min']
2024-10-25 21:10:50.379205,[47.66, 'f'],[34.45322188406432, 'f'],[60, '%'],[0.0, ' in/hr', 'Currently Dry', 0],[0.0, ' in', 0, 1729908650.3530083],['NNW', '', 'NNW', 'North [color=9aba2fff]NW[/color]'],[2.2369362920544, 'mph', 1.0, '1', 'Light Air'],[25.276381802892075, ' inHg', 855.9531394371193],[0, 'count', 0, 1729908650.21829],[19.88384, 'miles'],[0.0, '/min', 0.0, '/min']
2024-10-25 21:11:37.327784,[47.66, 'f'],[34.45322188406432, 'f'],[60.0, '%'],[0.0, ' in/hr', 'Currently Dry', 0.0],[0.0, ' in', 0.0, 1729908697.3271081],['NNW', '', 'NNW', 'North [color=9aba2fff]NW[/color]'],[1.946134574087328, 'mph', 1.0, '1', 'Light Air'],[25.276381802892075, ' inHg', 855.9531394371193],[0.0, 'count', 0.0, 1729908697.246599],[19.88384, 'miles'],[0.0, '/min', 0.0, '/min']
2024-10-25 21:11:59.173268,[47.66, 'f'],[34.45322188406432, 'f'],[60, '%'],[0.0, ' in/hr', 'Currently Dry', 0],[0.0, ' in', 0, 1729908719.1531658],['NNW', '', 'NNW', 'North [color=9aba2fff]NW[/color]'],[1.946134574087328, 'mph', 1.0, '1', 'Light Air'],[25.276381802892075, ' inHg', 855.9531394371193],[0, 'count', 0, 1729908719.0229423],[19.88384, 'miles'],[0.0, '/min', 0.0, '/min']
2024-10-25 21:12:27.002614,[47.66, 'f'],[34.45322188406432, 'f'],[60, '%'],[0.0, ' in/hr', 'Currently Dry', 0],[0.0, ' in', 0, 1729908746.9718564],['NNW', '', 'NNW', 'North [color=9aba2fff]NW[/color]'],[1.946134574087328, 'mph', 1.0, '1', 'Light Air'],[25.276381802892075, ' inHg', 855.9531394371193],[0, 'count', 0, 1729908746.8294914],[19.88384, 'miles'],[0.0, '/min', 0.0, '/min']
2024-10-25 21:12:48.745761,[47.480000000000004, 'f'],[34.28355941191437, 'f'],[60, '%'],[0.0, ' in/hr', 'Currently Dry', 0],[0.0, ' in', 0, 1729908768.7263641],['NNW', '', 'NNW', 'North [color=9aba2fff]NW[/color]'],[2.169828203292768, 'mph', 1.0, '1', 'Light Air'],[25.276381802892075, ' inHg', 855.9531394371193],[0, 'count', 0, 1729908768.5989923],[19.88384, 'miles'],[0.0, '/min', 0.0, '/min']
2024-10-25 21:13:14.141364,[47.480000000000004, 'f'],[34.28355941191437, 'f'],[60, '%'],[0.0, ' in/hr', 'Currently Dry', 0],[0.0, ' in', 0, 1729908794.120911],['NNW', '', 'NNW', 'North [color=9aba2fff]NW[/color]'],[2.169828203292768, 'mph', 1.0, '1', 'Light Air'],[25.276381802892075, ' inHg', 855.9531394371193],[0, 'count', 0, 1729908793.9902964],[19.88384, 'miles'],[0.0, '/min', 0.0, '/min']
2024-10-25 21:13:34.673653,[47.480000000000004, 'f'],[34.28355941191437, 'f'],[60, '%'],[0.0, ' in/hr', 'Currently Dry', 0],[0.0, ' in', 0, 1729908814.6539395],['NNW', '', 'NNW', 'North [color=9aba2fff]NW[/color]'],[2.169828203292768, 'mph', 1.0, '1', 'Light Air'],[25.276381802892075, ' inHg', 855.9531394371193],[0, 'count', 0, 1729908814.5245662],[19.88384, 'miles'],[0.0, '/min', 0.0, '/min']
2024-10-25 21:13:48.717218,[47.480000000000004, 'f'],[34.28355941191437, 'f'],[60, '%'],[0.0, ' in/hr', 'Currently Dry', 0],[0.0, ' in', 0, 1729908828.6976829],['NNW', '', 'NNW', 'North [color=9aba2fff]NW[/color]'],[1.8342877594846076, 'mph', 1.0, '1', 'Light Air'],[25.276381802892075, ' inHg', 855.9531394371193],[0, 'count', 0, 1729908828.5684521],[19.88384, 'miles'],[0.0, '/min', 0.0, '/min']
2024-10-25 21:19:40.516232,[47.480000000000004, 'f'],[34.69852054206496, 'f'],[61, '%'],[0.0, ' in/hr', 'Currently Dry', 0],[0.0, ' in', 0, 1729909180.4960797],['NNW', '', 'NNW', 'North [color=9aba2fff]NW[/color]'],[2.080350751610592, 'mph', 1.0, '1', 'Light Air'],[25.276381802892075, ' inHg', 855.9531394371193],[0, 'count', 0, 1729909180.3662229],[19.88384, 'miles'],[0.0, '/min', 0.0, '/min']
2024-10-25 21:21:24.597842,[47.480000000000004, 'f'],[34.69852054206496, 'f'],[61, '%'],[0.0, ' in/hr', 'Currently Dry', 0],[0.0, ' in', 0, 1729909284.5726712],['NNW', '', 'NNW', 'North [color=9aba2fff]NW[/color]'],[2.1250894774516795, 'mph', 1.0, '1', 'Light Air'],[25.276381802892075, ' inHg', 855.9531394371193],[0, 'count', 0, 1729909284.430173],[19.88384, 'miles'],[0.0, '/min', 0.0, '/min']
2024-10-25 21:21:40.684241,[47.480000000000004, 'f'],[34.69852054206496, 'f'],[61.0, '%'],[0.0, ' in/hr', 'Currently Dry', 0.0],[0.0, ' in', 0.0, 1729909300.682967],['NNW', '', 'NNW', 'North [color=9aba2fff]NW[/color]'],[2.259305654974944, 'mph', 1.0, '1', 'Light Air'],[25.276381802892075, ' inHg', 855.9531394371193],[0.0, 'count', 0.0, 1729909299.8951166],[19.88384, 'miles'],[0.0, '/min', 0.0, '/min']
2024-10-25 21:22:40.044893,[47.480000000000004, 'f'],[34.69852054206496, 'f'],[61.0, '%'],[0.0, ' in/hr', 'Currently Dry', 0.0],[0.0, ' in', 0.0, 1729909360.0438464],['NNW', '', 'NNW', 'North [color=9aba2fff]NW[/color]'],[2.2145669291338557, 'mph', 1.0, '1', 'Light Air'],[25.276381802892075, ' inHg', 855.9531394371193],[0.0, 'count', 0.0, 1729909359.9257293],[19.88384, 'miles'],[0.0, '/min', 0.0, '/min']
2024-10-25 21:23:40.070328,[47.480000000000004, 'f'],[34.69852054206496, 'f'],[61.0, '%'],[0.0, ' in/hr', 'Currently Dry', 0.0],[0.0, ' in', 0.0, 1729909420.0694008],['NNW', '', 'NNW', 'North [color=9aba2fff]NW[/color]'],[2.192197566213312, 'mph', 1.0, '1', 'Light Air'],[25.276381802892075, ' inHg', 855.9531394371193],[0.0, 'count', 0.0, 1729909419.9538891],[19.88384, 'miles'],[0.0, '/min', 0.0, '/min']
2024-10-25 21:24:41.796967,[47.480000000000004, 'f'],[34.69852054206496, 'f'],[61.0, '%'],[0.0, ' in/hr', 'Currently Dry', 0.0],[0.0, ' in', 0.0, 1729909481.795817],['NW', '', 'NW', 'North [color=9aba2fff]West[/color]'],[2.259305654974944, 'mph', 1.0, '1', 'Light Air'],[25.276381802892075, ' inHg', 855.9531394371193],[0.0, 'count', 0.0, 1729909481.6746986],[19.88384, 'miles'],[0.0, '/min', 0.0, '/min']
2024-10-25 21:25:42.890900,[47.480000000000004, 'f'],[34.69852054206496, 'f'],[61.0, '%'],[0.0, ' in/hr', 'Currently Dry', 0.0],[0.0, ' in', 0.0, 1729909542.8845072],['NNW', '', 'NNW', 'North [color=9aba2fff]NW[/color]'],[2.080350751610592, 'mph', 1.0, '1', 'Light Air'],[25.276381802892075, ' inHg', 855.9531394371193],[0.0, 'count', 0.0, 1729909542.750665],[19.88384, 'miles'],[0.0, '/min', 0.0, '/min']
2024-10-25 21:26:40.056363,[47.3, 'f'],[34.52853385161784, 'f'],[61.0, '%'],[0.0, ' in/hr', 'Currently Dry', 0.0],[0.0, ' in', 0.0, 1729909600.0544524],['NNW', '', 'NNW', 'North [color=9aba2fff]NW[/color]'],[2.326413743736576, 'mph', 1.0, '1', 'Light Air'],[25.276381802892075, ' inHg', 855.9531394371193],[0.0, 'count', 0.0, 1729909599.9329052],[19.88384, 'miles'],[0.0, '/min', 0.0, '/min']
2024-10-25 21:27:41.814613,[47.3, 'f'],[34.52853385161784, 'f'],[61.0, '%'],[0.0, ' in/hr', 'Currently Dry', 0.0],[0.0, ' in', 0.0, 1729909661.8083518],['NW', '', 'NW', 'North [color=9aba2fff]West[/color]'],[2.371152469577664, 'mph', 1.0, '1', 'Light Air'],[25.276381802892075, ' inHg', 855.9531394371193],[0.0, 'count', 0.0, 1729909661.6751115],[19.88384, 'miles'],[0.0, '/min', 0.0, '/min']
2024-10-25 21:28:41.931419,[47.3, 'f'],[34.937196220615135, 'f'],[62.0, '%'],[0.0, ' in/hr', 'Currently Dry', 0.0],[0.0, ' in', 0.0, 1729909721.9306843],['NNW', '', 'NNW', 'North [color=9aba2fff]NW[/color]'],[2.192197566213312, 'mph', 1.0, '1', 'Light Air'],[25.276381802892075, ' inHg', 855.9531394371193],[0.0, 'count', 0.0, 1729909721.8502169],[19.88384, 'miles'],[0.0, '/min', 0.0, '/min']
2024-10-25 21:29:41.770143,[47.3, 'f'],[34.937196220615135, 'f'],[62.0, '%'],[0.0, ' in/hr', 'Currently Dry', 0.0],[0.0, ' in', 0.0, 1729909781.7691967],['NNW', '', 'NNW', 'North [color=9aba2fff]NW[/color]'],[2.080350751610592, 'mph', 1.0, '1', 'Light Air'],[25.276381802892075, ' inHg', 855.9531394371193],[0.0, 'count', 0.0, 1729909780.8014722],[19.88384, 'miles'],[0.0, '/min', 0.0, '/min']
2024-10-25 21:30:41.725152,[47.3, 'f'],[34.937196220615135, 'f'],[62.0, '%'],[0.0, ' in/hr', 'Currently Dry', 0.0],[0.0, ' in', 0.0, 1729909841.7236075],['NW', '', 'NW', 'North [color=9aba2fff]West[/color]'],[2.415891195418752, 'mph', 1.0, '1', 'Light Air'],[25.276381802892075, ' inHg', 855.9531394371193],[0.0, 'count', 0.0, 1729909840.8372273],[19.88384, 'miles'],[0.0, '/min', 0.0, '/min']
2024-10-25 21:31:43.761605,[47.3, 'f'],[34.937196220615135, 'f'],[62.0, '%'],[0.0, ' in/hr', 'Currently Dry', 0.0],[0.0, ' in', 0.0, 1729909903.7611935],['NW', '', 'NW', 'North [color=9aba2fff]West[/color]'],[2.505368647100928, 'mph', 1.0, '1', 'Light Air'],[25.276381802892075, ' inHg', 855.9531394371193],[0.0, 'count', 0.0, 1729909903.699733],[19.88384, 'miles'],[0.0, '/min', 0.0, '/min']
2024-10-25 21:32:40.066816,[47.3, 'f'],[34.937196220615135, 'f'],[62.0, '%'],[0.0, ' in/hr', 'Currently Dry', 0.0],[0.0, ' in', 0.0, 1729909960.0658674],['NW', '', 'NW', 'North [color=9aba2fff]West[/color]'],[2.46062992125984, 'mph', 1.0, '1', 'Light Air'],[25.276381802892075, ' inHg', 855.9531394371193],[0.0, 'count', 0.0, 1729909959.9519646],[19.88384, 'miles'],[0.0, '/min', 0.0, '/min']
2024-10-25 21:35:57.051841,[47.120000000000005, 'f'],[34.76688986565859, 'f'],[62.0, '%'],[0.0, ' in/hr', 'Currently Dry', 0.0],[0.0, ' in', 0.0, 1729910157.044495],['NW', '', 'NW', 'North [color=9aba2fff]West[/color]'],[2.371152469577664, 'mph', 1.0, '1', 'Light Air'],[25.276381802892075, ' inHg', 855.9531394371193],[0.0, 'count', 0.0, 1729910156.9251769],[19.88384, 'miles'],[0.0, '/min', 0.0, '/min']
2024-10-25 21:36:41.884984,[47.120000000000005, 'f'],[35.16944336512458, 'f'],[63.0, '%'],[0.0, ' in/hr', 'Currently Dry', 0.0],[0.0, ' in', 0.0, 1729910201.8841653],['NW', '', 'NW', 'North [color=9aba2fff]West[/color]'],[2.2816750178954877, 'mph', 1.0, '1', 'Light Air'],[25.276381802892075, ' inHg', 855.9531394371193],[0.0, 'count', 0.0, 1729910201.784776],[19.88384, 'miles'],[0.0, '/min', 0.0, '/min']
2024-10-25 21:38:41.784588,[47.120000000000005, 'f'],[35.16944336512458, 'f'],[63.0, '%'],[0.0, ' in/hr', 'Currently Dry', 0.0],[0.0, ' in', 0.0, 1729910321.7837417],['NNW', '', 'NNW', 'North [color=9aba2fff]NW[/color]'],[2.2369362920544, 'mph', 1.0, '1', 'Light Air'],[25.276381802892075, ' inHg', 855.9531394371193],[0.0, 'count', 0.0, 1729910320.8533947],[19.88384, 'miles'],[0.0, '/min', 0.0, '/min']
2024-10-25 21:39:41.781742,[46.94, 'f'],[34.99882176839272, 'f'],[63.0, '%'],[0.0, ' in/hr', 'Currently Dry', 0.0],[0.0, ' in', 0.0, 1729910381.7804024],['NW', '', 'NW', 'North [color=9aba2fff]West[/color]'],[2.371152469577664, 'mph', 1.0, '1', 'Light Air'],[25.276381802892075, ' inHg', 855.9531394371193],[0.0, 'count', 0.0, 1729910380.8586504],[19.88384, 'miles'],[0.0, '/min', 0.0, '/min']
2024-10-25 21:40:43.761966,[46.94, 'f'],[34.99882176839272, 'f'],[63.0, '%'],[0.0, ' in/hr', 'Currently Dry', 0.0],[0.0, ' in', 0.0, 1729910443.7606375],['NW', '', 'NW', 'North [color=9aba2fff]West[/color]'],[2.46062992125984, 'mph', 1.0, '1', 'Light Air'],[25.276381802892075, ' inHg', 855.9531394371193],[0.0, 'count', 0.0, 1729910441.8795977],[19.88384, 'miles'],[0.0, '/min', 0.0, '/min']
2024-10-25 21:42:41.734834,[46.94, 'f'],[35.39544764109167, 'f'],[64.0, '%'],[0.0, ' in/hr', 'Currently Dry', 0.0],[0.0, ' in', 0.0, 1729910561.7335258],['NNW', '', 'NNW', 'North [color=9aba2fff]NW[/color]'],[2.34878310665712, 'mph', 1.0, '1', 'Light Air'],[25.276381802892075, ' inHg', 855.9531394371193],[0.0, 'count', 0.0, 1729910560.8506405],[19.88384, 'miles'],[0.0, '/min', 0.0, '/min']
2024-10-25 21:43:41.773680,[46.94, 'f'],[35.39544764109167, 'f'],[64.0, '%'],[0.0, ' in/hr', 'Currently Dry', 0.0],[0.0, ' in', 0.0, 1729910621.7723296],['NNW', '', 'NNW', 'North [color=9aba2fff]NW[/color]'],[2.192197566213312, 'mph', 1.0, '1', 'Light Air'],[25.276381802892075, ' inHg', 855.9531394371193],[0.0, 'count', 0.0, 1729910620.8513935],[19.88384, 'miles'],[0.0, '/min', 0.0, '/min']
2024-10-25 21:44:41.712311,[46.94, 'f'],[35.39544764109167, 'f'],[64.0, '%'],[0.0, ' in/hr', 'Currently Dry', 0.0],[0.0, ' in', 0.0, 1729910681.7110164],['NNW', '', 'NNW', 'North [color=9aba2fff]NW[/color]'],[2.035612025769504, 'mph', 1.0, '1', 'Light Air'],[25.276381802892075, ' inHg', 855.9531394371193],[0.0, 'count', 0.0, 1729910680.7484837],[19.88384, 'miles'],[0.0, '/min', 0.0, '/min']
2024-10-25 21:45:41.679269,[46.76, 'f'],[35.224515100106345, 'f'],[64.0, '%'],[0.0, ' in/hr', 'Currently Dry', 0.0],[0.0, ' in', 0.0, 1729910741.6748686],['NW', '', 'NW', 'North [color=9aba2fff]West[/color]'],[2.259305654974944, 'mph', 1.0, '1', 'Light Air'],[25.276381802892075, ' inHg', 855.9531394371193],[0.0, 'count', 0.0, 1729910740.7887564],[19.88384, 'miles'],[0.0, '/min', 0.0, '/min']
2024-10-25 21:47:41.671480,[46.76, 'f'],[35.224515100106345, 'f'],[64.0, '%'],[0.0, ' in/hr', 'Currently Dry', 0.0],[0.0, ' in', 0.0, 1729910860.8995988],['NW', '', 'NW', 'North [color=9aba2fff]West[/color]'],[2.192197566213312, 'mph', 1.0, '1', 'Light Air'],[25.276381802892075, ' inHg', 855.9531394371193],[0.0, 'count', 0.0, 1729910860.7821763],[19.88384, 'miles'],[0.0, '/min', 0.0, '/min']
2024-10-25 21:48:41.744860,[46.76, 'f'],[35.61538646246619, 'f'],[65.0, '%'],[0.0, ' in/hr', 'Currently Dry', 0.0],[0.0, ' in', 0.0, 1729910921.7435539],['NW', '', 'NW', 'North [color=9aba2fff]West[/color]'],[1.9013958482462399, 'mph', 1.0, '1', 'Light Air'],[25.276381802892075, ' inHg', 855.9531394371193],[0.0, 'count', 0.0, 1729910920.8387904],[19.88384, 'miles'],[0.0, '/min', 0.0, '/min']
2024-10-25 21:49:43.966627,[46.58, 'f'],[35.44414715503051, 'f'],[65.0, '%'],[0.0, ' in/hr', 'Currently Dry', 0.0],[0.0, ' in', 0.0, 1729910983.9604232],['NW', '', 'NW', 'North [color=9aba2fff]West[/color]'],[2.057981388690048, 'mph', 1.0, '1', 'Light Air'],[25.276381802892075, ' inHg', 855.9531394371193],[0.0, 'count', 0.0, 1729910983.8253636],[19.88384, 'miles'],[0.0, '/min', 0.0, '/min']
2024-10-25 21:50:41.712752,[46.58, 'f'],[35.44414715503051, 'f'],[65.0, '%'],[0.0, ' in/hr', 'Currently Dry', 0.0],[0.0, ' in', 0.0, 1729911041.7114525],['NW', '', 'NW', 'North [color=9aba2fff]West[/color]'],[1.8790264853256957, 'mph', 1.0, '1', 'Light Air'],[25.276381802892075, ' inHg', 855.9531394371193],[0.0, 'count', 0.0, 1729911040.8525643],[19.88384, 'miles'],[0.0, '/min', 0.0, '/min']
2024-10-25 21:51:40.939255,[46.58, 'f'],[35.44414715503051, 'f'],[65.0, '%'],[0.0, ' in/hr', 'Currently Dry', 0.0],[0.0, ' in', 0.0, 1729911100.9384599],['NW', '', 'NW', 'North [color=9aba2fff]West[/color]'],[2.102720114531136, 'mph', 1.0, '1', 'Light Air'],[25.276381802892075, ' inHg', 855.9531394371193],[0.0, 'count', 0.0, 1729911100.842714],[19.88384, 'miles'],[0.0, '/min', 0.0, '/min']
2024-10-25 21:52:41.709574,[46.22, 'f'],[35.10165846197169, 'f'],[65.0, '%'],[0.0, ' in/hr', 'Currently Dry', 0.0],[0.0, ' in', 0.0, 1729911161.7080953],['NW', '', 'NW', 'North [color=9aba2fff]West[/color]'],[1.6553328561202558, 'mph', 1.0, '1', 'Light Air'],[25.276381802892075, ' inHg', 855.9531394371193],[0.0, 'count', 0.0, 1729911160.8227723],[19.88384, 'miles'],[0.0, '/min', 0.0, '/min']
2024-10-25 21:53:41.679513,[46.22, 'f'],[35.10165846197169, 'f'],[65.0, '%'],[0.0, ' in/hr', 'Currently Dry', 0.0],[0.0, ' in', 0.0, 1729911221.6750112],['NW', '', 'NW', 'North [color=9aba2fff]West[/color]'],[1.7671796707229759, 'mph', 1.0, '1', 'Light Air'],[25.273305838165534, ' inHg', 855.8489757286814],[0.0, 'count', 0.0, 1729911220.7897708],[19.88384, 'miles'],[0.0, '/min', 0.0, '/min']
2024-10-25 21:54:43.753340,[46.22, 'f'],[35.486342210419124, 'f'],[66.0, '%'],[0.0, ' in/hr', 'Currently Dry', 0.0],[0.0, ' in', 0.0, 1729911283.7469122],['NW', '', 'NW', 'North [color=9aba2fff]West[/color]'],[1.8566571224051518, 'mph', 1.0, '1', 'Light Air'],[25.273305838165534, ' inHg', 855.8489757286814],[0.0, 'count', 0.0, 1729911282.8668246],[19.88384, 'miles'],[0.0, '/min', 0.0, '/min']
2024-10-25 21:57:41.767331,[46.04, 'f'],[35.31479370190252, 'f'],[66.0, '%'],[0.0, ' in/hr', 'Currently Dry', 0.0],[0.0, ' in', 0.0, 1729911461.7660341],['NW', '', 'NW', 'North [color=9aba2fff]West[/color]'],[1.7224409448818878, 'mph', 1.0, '1', 'Light Air'],[25.273305838165534, ' inHg', 855.8489757286814],[0.0, 'count', 0.0, 1729911460.7763681],[19.88384, 'miles'],[0.0, '/min', 0.0, '/min']
2024-10-25 21:58:41.740353,[46.04, 'f'],[35.31479370190252, 'f'],[66.0, '%'],[0.0, ' in/hr', 'Currently Dry', 0.0],[0.0, ' in', 0.0, 1729911521.7390635],['NW', '', 'NW', 'North [color=9aba2fff]West[/color]'],[1.8342877594846076, 'mph', 1.0, '1', 'Light Air'],[25.273305838165534, ' inHg', 855.8489757286814],[0.0, 'count', 0.0, 1729911520.8399227],[19.88384, 'miles'],[0.0, '/min', 0.0, '/min']
2024-10-25 21:59:44.699764,[46.04, 'f'],[35.31479370190252, 'f'],[66.0, '%'],[0.0, ' in/hr', 'Currently Dry', 0.0],[0.0, ' in', 0.0, 1729911584.6984963],['NW', '', 'NW', 'North [color=9aba2fff]West[/color]'],[1.6553328561202558, 'mph', 1.0, '1', 'Light Air'],[25.273305838165534, ' inHg', 855.8489757286814],[0.0, 'count', 0.0, 1729911583.8718207],[19.88384, 'miles'],[0.0, '/min', 0.0, '/min']
2024-10-25 22:00:43.005755,[46.04, 'f'],[35.31479370190252, 'f'],[66.0, '%'],[0.0, ' in/hr', 'Currently Dry', 0.0],[0.0, ' in', 0.0, 1729911643.0044487],['NW', '', 'NW', 'North [color=9aba2fff]West[/color]'],[2.102720114531136, 'mph', 1.0, '1', 'Light Air'],[25.273305838165534, ' inHg', 855.8489757286814],[0.0, 'count', 0.0, 1729911642.8239129],[19.88384, 'miles'],[0.0, '/min', 0.0, '/min']
2024-10-25 22:01:40.805574,[45.86, 'f'],[35.143241944304314, 'f'],[66.0, '%'],[0.0, ' in/hr', 'Currently Dry', 0.0],[0.0, ' in', 0.0, 1729911700.804398],['NW', '', 'NW', 'North [color=9aba2fff]West[/color]'],[1.7224409448818878, 'mph', 1.0, '1', 'Light Air'],[25.273305838165534, ' inHg', 855.8489757286814],[0.0, 'count', 0.0, 1729911700.6757157],[19.88384, 'miles'],[0.0, '/min', 0.0, '/min']
2024-10-25 22:02:41.675149,[45.86, 'f'],[35.52220733780478, 'f'],[67.0, '%'],[0.0, ' in/hr', 'Currently Dry', 0.0],[0.0, ' in', 0.0, 1729911761.6743379],['NW', '', 'NW', 'North [color=9aba2fff]West[/color]'],[1.3421617752326398, 'mph', 1.0, '1', 'Light Air'],[25.273305838165534, ' inHg', 855.8489757286814],[0.0, 'count', 0.0, 1729911760.8375206],[19.88384, 'miles'],[0.0, '/min', 0.0, '/min']
2024-10-25 22:03:41.676032,[45.86, 'f'],[35.52220733780478, 'f'],[67.0, '%'],[0.0, ' in/hr', 'Currently Dry', 0.0],[0.0, ' in', 0.0, 1729911821.6753032],['W', '', 'W', 'Due [color=9aba2fff]West[/color]'],[1.3869005010737279, 'mph', 1.0, '1', 'Light Air'],[25.273305838165534, ' inHg', 855.8489757286814],[0.0, 'count', 0.0, 1729911820.8523817],[19.88384, 'miles'],[0.0, '/min', 0.0, '/min']
2024-10-25 22:04:40.989781,[45.68, 'f'],[35.72405450676212, 'f'],[68.0, '%'],[0.0, ' in/hr', 'Currently Dry', 0.0],[0.0, ' in', 0.0, 1729911880.9835947],['W', '', 'W', 'Due [color=9aba2fff]West[/color]'],[0.7829277022190398, 'mph', 0.0, '0', 'Calm Conditions'],[25.273305838165534, ' inHg', 855.8489757286814],[0.0, 'count', 0.0, 1729911880.842996],[19.88384, 'miles'],[0.0, '/min', 0.0, '/min']
2024-10-25 22:05:43.837623,[45.68, 'f'],[35.72405450676212, 'f'],[68.0, '%'],[0.0, ' in/hr', 'Currently Dry', 0.0],[0.0, ' in', 0.0, 1729911943.836452],['W', '', 'W', 'Due [color=9aba2fff]West[/color]'],[1.1408375089477438, 'mph', 1.0, '1', 'Light Air'],[25.273305838165534, ' inHg', 855.8489757286814],[0.0, 'count', 0.0, 1729911943.7066238],[19.88384, 'miles'],[0.0, '/min', 0.0, '/min']
2024-10-25 22:06:40.932189,[45.5, 'f'],[35.920483859622486, 'f'],[69.0, '%'],[0.0, ' in/hr', 'Currently Dry', 0.0],[0.0, ' in', 0.0, 1729912000.9313812],['WSW', '', 'WSW', 'West [color=9aba2fff]SW[/color]'],[0.46975662133142393, 'mph', 0.0, '0', 'Calm Conditions'],[25.273305838165534, ' inHg', 855.8489757286814],[0.0, 'count', 0.0, 1729912000.8403983],[19.88384, 'miles'],[0.0, '/min', 0.0, '/min']
2024-10-25 22:07:40.923365,[45.5, 'f'],[35.920483859622486, 'f'],[69.0, '%'],[0.0, ' in/hr', 'Currently Dry', 0.0],[0.0, ' in', 0.0, 1729912060.917165],['WSW', '', 'WSW', 'West [color=9aba2fff]SW[/color]'],[0.044738725841088, 'mph', 0.0, '0', 'Calm Conditions'],[25.273305838165534, ' inHg', 855.8489757286814],[0.0, 'count', 0.0, 1729912060.7921836],[19.88384, 'miles'],[0.0, '/min', 0.0, '/min']
2024-10-25 22:08:41.813648,[45.32, 'f'],[35.3797619653385, 'f'],[68.0, '%'],[0.0, ' in/hr', 'Currently Dry', 0.0],[0.0, ' in', 0.0, 1729912121.8071773],['N', '', 'Calm', '[color=9aba2fff]Calm[/color]'],[0.0, 'mph', 0.0, '0', 'Calm Conditions'],[25.27022987051934, ' inHg', 855.7448119213732],[0.0, 'count', 0.0, 1729912120.8157468],[19.88384, 'miles'],[0.0, '/min', 0.0, '/min']
2024-10-25 22:09:41.003133,[45.14, 'f'],[35.20761114747349, 'f'],[68.0, '%'],[0.0, ' in/hr', 'Currently Dry', 0.0],[0.0, ' in', 0.0, 1729912180.9968936],['N', '', 'Calm', '[color=9aba2fff]Calm[/color]'],[0.0, 'mph', 0.0, '0', 'Calm Conditions'],[25.27022987051934, ' inHg', 855.7448119213732],[0.0, 'count', 0.0, 1729912180.8732395],[19.88384, 'miles'],[0.0, '/min', 0.0, '/min']
2024-10-25 22:10:40.977719,[44.96, 'f'],[35.40316832846378, 'f'],[69.0, '%'],[0.0, ' in/hr', 'Currently Dry', 0.0],[0.0, ' in', 0.0, 1729912240.9715304],['SW', '', 'SW', 'South [color=9aba2fff]West[/color]'],[0.156585540443808, 'mph', 0.0, '0', 'Calm Conditions'],[25.27022987051934, ' inHg', 855.7448119213732],[0.0, 'count', 0.0, 1729912240.8515253],[19.88384, 'miles'],[0.0, '/min', 0.0, '/min']
2024-10-25 22:11:41.771755,[44.96, 'f'],[35.40316832846378, 'f'],[69.0, '%'],[0.0, ' in/hr', 'Currently Dry', 0.0],[0.0, ' in', 0.0, 1729912301.765396],['N', '', 'Calm', '[color=9aba2fff]Calm[/color]'],[0.0, 'mph', 0.0, '0', 'Calm Conditions'],[25.27022987051934, ' inHg', 855.7448119213732],[0.0, 'count', 0.0, 1729912300.8546984],[19.88384, 'miles'],[0.0, '/min', 0.0, '/min']
2024-10-25 22:12:40.748048,[44.78, 'f'],[35.23072396982787, 'f'],[69.0, '%'],[0.0, ' in/hr', 'Currently Dry', 0.0],[0.0, ' in', 0.0, 1729912360.7415311],['N', '', 'Calm', '[color=9aba2fff]Calm[/color]'],[0.0, 'mph', 0.0, '0', 'Calm Conditions'],[25.27022987051934, ' inHg', 855.7448119213732],[0.0, 'count', 0.0, 1729912359.872503],[19.88384, 'miles'],[0.0, '/min', 0.0, '/min']
2024-10-25 22:13:38.036032,[44.6, 'f'],[35.05827668694317, 'f'],[69.0, '%'],[0.0, ' in/hr', 'Currently Dry', 0.0],[0.0, ' in', 0.0, 1729912418.0350847],['N', '', 'Calm', '[color=9aba2fff]Calm[/color]'],[0.0, 'mph', 0.0, '0', 'Calm Conditions'],[25.27022987051934, ' inHg', 855.7448119213732],[0.0, 'count', 0.0, 1729912417.910342],[19.88384, 'miles'],[0.0, '/min', 0.0, '/min']
2024-10-25 22:14:40.978366,[44.42, 'f'],[34.88582647973527, 'f'],[69.0, '%'],[0.0, ' in/hr', 'Currently Dry', 0.0],[0.0, ' in', 0.0, 1729912480.9773448],['N', '', 'Calm', '[color=9aba2fff]Calm[/color]'],[0.0, 'mph', 0.0, '0', 'Calm Conditions'],[25.27022987051934, ' inHg', 855.7448119213732],[0.0, 'count', 0.0, 1729912480.853025],[19.88384, 'miles'],[0.0, '/min', 0.0, '/min']
2024-10-25 22:15:40.901742,[44.24, 'f'],[34.713373348129814, 'f'],[69.0, '%'],[0.0, ' in/hr', 'Currently Dry', 0.0],[0.0, ' in', 0.0, 1729912540.901042],['S', '', 'S', 'Due [color=9aba2fff]South[/color]'],[0.626342161775232, 'mph', 0.0, '0', 'Calm Conditions'],[25.26715389995307, ' inHg', 855.6406480151801],[0.0, 'count', 0.0, 1729912540.7162194],[19.88384, 'miles'],[0.0, '/min', 0.0, '/min']
2024-10-25 22:16:40.711987,[44.06, 'f'],[34.902519363091685, 'f'],[70.0, '%'],[0.0, ' in/hr', 'Currently Dry', 0.0],[0.0, ' in', 0.0, 1729912600.7106884],['S', '', 'S', 'Due [color=9aba2fff]South[/color]'],[1.9908732999284158, 'mph', 1.0, '1', 'Light Air'],[25.26715389995307, ' inHg', 855.6406480151801],[0.0, 'count', 0.0, 1729912599.7637706],[19.88384, 'miles'],[0.0, '/min', 0.0, '/min']
2024-10-25 22:17:40.856470,[43.879999999999995, 'f'],[35.08655169567594, 'f'],[71.0, '%'],[0.0, ' in/hr', 'Currently Dry', 0.0],[0.0, ' in', 0.0, 1729912660.8551784],['SE', '', 'SE', 'South [color=9aba2fff]East[/color]'],[1.498747315676448, 'mph', 1.0, '1', 'Light Air'],[25.26715389995307, ' inHg', 855.6406480151801],[0.0, 'count', 0.0, 1729912660.7093596],[19.88384, 'miles'],[0.0, '/min', 0.0, '/min']
2024-10-25 22:18:41.688144,[43.7, 'f'],[34.91352631116557, 'f'],[71.0, '%'],[0.0, ' in/hr', 'Currently Dry', 0.0],[0.0, ' in', 0.0, 1729912721.6868458],['SSE', '', 'SSE', 'South [color=9aba2fff]SE[/color]'],[1.946134574087328, 'mph', 1.0, '1', 'Light Air'],[25.26715389995307, ' inHg', 855.6406480151801],[0.0, 'count', 0.0, 1729912719.8436716],[19.88384, 'miles'],[0.0, '/min', 0.0, '/min']
2024-10-25 22:19:39.055041,[43.52, 'f'],[35.09229617453383, 'f'],[72.0, '%'],[0.0, ' in/hr', 'Currently Dry', 0.0],[0.0, ' in', 0.0, 1729912779.054111],['SSE', '', 'SSE', 'South [color=9aba2fff]SE[/color]'],[2.057981388690048, 'mph', 1.0, '1', 'Light Air'],[25.26715389995307, ' inHg', 855.6406480151801],[0.0, 'count', 0.0, 1729912778.9372725],[19.88384, 'miles'],[0.0, '/min', 0.0, '/min']
2024-10-25 22:20:39.927555,[43.34, 'f'],[34.91898875162439, 'f'],[72.0, '%'],[0.0, ' in/hr', 'Currently Dry', 0.0],[0.0, ' in', 0.0, 1729912839.921],['SSE', '', 'SSE', 'South [color=9aba2fff]SE[/color]'],[1.9237652111667838, 'mph', 1.0, '1', 'Light Air'],[25.26715389995307, ' inHg', 855.6406480151801],[0.0, 'count', 0.0, 1729912839.757472],[19.88384, 'miles'],[0.0, '/min', 0.0, '/min']
2024-10-25 22:21:41.681327,[43.16, 'f'],[35.09262848502244, 'f'],[73.0, '%'],[0.0, ' in/hr', 'Currently Dry', 0.0],[0.0, ' in', 0.0, 1729912901.6803682],['SSE', '', 'SSE', 'South [color=9aba2fff]SE[/color]'],[1.364531138153184, 'mph', 1.0, '1', 'Light Air'],[25.26715389995307, ' inHg', 855.6406480151801],[0.0, 'count', 0.0, 1729912900.7634683],[19.88384, 'miles'],[0.0, '/min', 0.0, '/min']
2024-10-25 22:22:42.790060,[42.980000000000004, 'f'],[34.919042605080165, 'f'],[73.0, '%'],[0.0, ' in/hr', 'Currently Dry', 0.0],[0.0, ' in', 0.0, 1729912962.778091],['SSE', '', 'SSE', 'South [color=9aba2fff]SE[/color]'],[0.872405153901216, 'mph', 0.0, '0', 'Calm Conditions'],[25.26715389995307, ' inHg', 855.6406480151801],[0.0, 'count', 0.0, 1729912961.951617],[19.88384, 'miles'],[0.0, '/min', 0.0, '/min']
2024-10-25 22:23:41.735542,[42.980000000000004, 'f'],[34.919042605080165, 'f'],[73.0, '%'],[0.0, ' in/hr', 'Currently Dry', 0.0],[0.0, ' in', 0.0, 1729913021.7347045],['S', '', 'S', 'Due [color=9aba2fff]South[/color]'],[2.5501073729420156, 'mph', 1.0, '1', 'Light Air'],[25.26715389995307, ' inHg', 855.6406480151801],[0.0, 'count', 0.0, 1729913020.8532684],[19.88384, 'miles'],[0.0, '/min', 0.0, '/min']
2024-10-25 22:24:40.767997,[42.8, 'f'],[34.745454220328256, 'f'],[73.0, '%'],[0.0, ' in/hr', 'Currently Dry', 0.0],[0.0, ' in', 0.0, 1729913080.7667181],['S', '', 'S', 'Due [color=9aba2fff]South[/color]'],[1.8790264853256957, 'mph', 1.0, '1', 'Light Air'],[25.26715389995307, ' inHg', 855.6406480151801],[0.0, 'count', 0.0, 1729913079.8322828],[19.88384, 'miles'],[0.0, '/min', 0.0, '/min']
2024-10-25 22:25:40.759062,[42.8, 'f'],[34.745454220328256, 'f'],[73.0, '%'],[0.0, ' in/hr', 'Currently Dry', 0.0],[0.0, ' in', 0.0, 1729913140.7577722],['S', '', 'S', 'Due [color=9aba2fff]South[/color]'],[2.169828203292768, 'mph', 1.0, '1', 'Light Air'],[25.26715389995307, ' inHg', 855.6406480151801],[0.0, 'count', 0.0, 1729913139.8355622],[19.88384, 'miles'],[0.0, '/min', 0.0, '/min']
2024-10-25 22:26:40.700330,[42.620000000000005, 'f'],[34.91381857393149, 'f'],[74.0, '%'],[0.0, ' in/hr', 'Currently Dry', 0.0],[0.0, ' in', 0.0, 1729913200.6935449],['ESE', '', 'ESE', 'East [color=9aba2fff]SE[/color]'],[1.6777022190407997, 'mph', 1.0, '1', 'Light Air'],[25.26715389995307, ' inHg', 855.6406480151801],[0.0, 'count', 0.0, 1729913199.8027964],[19.88384, 'miles'],[0.0, '/min', 0.0, '/min']
2024-10-25 22:27:40.760895,[42.620000000000005, 'f'],[34.91381857393149, 'f'],[74.0, '%'],[0.0, ' in/hr', 'Currently Dry', 0.0],[0.0, ' in', 0.0, 1729913260.7595983],['SW', '', 'SW', 'South [color=9aba2fff]West[/color]'],[0.603972798854688, 'mph', 0.0, '0', 'Calm Conditions'],[25.26715389995307, ' inHg', 855.6406480151801],[0.0, 'count', 0.0, 1729913259.8183992],[19.88384, 'miles'],[0.0, '/min', 0.0, '/min']
2024-10-25 22:28:40.694772,[42.44, 'f'],[34.73995533125724, 'f'],[74.0, '%'],[0.0, ' in/hr', 'Currently Dry', 0.0],[0.0, ' in', 0.0, 1729913320.6933382],['SSW', '', 'SSW', 'South [color=9aba2fff]SW[/color]'],[0.022369362920544, 'mph', 0.0, '0', 'Calm Conditions'],[25.26715389995307, ' inHg', 855.6406480151801],[0.0, 'count', 0.0, 1729913319.8055847],[19.88384, 'miles'],[0.0, '/min', 0.0, '/min']
2024-10-25 22:29:40.698232,[42.44, 'f'],[34.73995533125724, 'f'],[74.0, '%'],[0.0, ' in/hr', 'Currently Dry', 0.0],[0.0, ' in', 0.0, 1729913380.6969419],['SSE', '', 'SSE', 'South [color=9aba2fff]SE[/color]'],[0.514495347172512, 'mph', 0.0, '0', 'Calm Conditions'],[25.26715389995307, ' inHg', 855.6406480151801],[0.0, 'count', 0.0, 1729913379.797883],[19.88384, 'miles'],[0.0, '/min', 0.0, '/min']
2024-10-25 22:30:40.817956,[42.44, 'f'],[34.73995533125724, 'f'],[74.0, '%'],[0.0, ' in/hr', 'Currently Dry', 0.0],[0.0, ' in', 0.0, 1729913440.816682],['SE', '', 'SE', 'South [color=9aba2fff]East[/color]'],[1.6553328561202558, 'mph', 1.0, '1', 'Light Air'],[25.26715389995307, ' inHg', 855.6406480151801],[0.0, 'count', 0.0, 1729913439.8238885],[19.88384, 'miles'],[0.0, '/min', 0.0, '/min']
2024-10-25 22:31:40.748707,[42.26, 'f'],[34.56608968631683, 'f'],[74.0, '%'],[0.0, ' in/hr', 'Currently Dry', 0.0],[0.0, ' in', 0.0, 1729913500.742499],['SE', '', 'Calm', '[color=9aba2fff]Calm[/color]'],[0.0, 'mph', 0.0, '0', 'Calm Conditions'],[25.26715389995307, ' inHg', 855.6406480151801],[0.0, 'count', 0.0, 1729913499.8188987],[19.88384, 'miles'],[0.0, '/min', 0.0, '/min']
2024-10-25 22:32:37.815640,[42.26, 'f'],[34.56608968631683, 'f'],[74.0, '%'],[0.0, ' in/hr', 'Currently Dry', 0.0],[0.0, ' in', 0.0, 1729913557.8093216],['N', '', 'Calm', '[color=9aba2fff]Calm[/color]'],[0.0, 'mph', 0.0, '0', 'Calm Conditions'],[25.26715389995307, ' inHg', 855.6406480151801],[0.0, 'count', 0.0, 1729913557.6745744],[19.88384, 'miles'],[0.0, '/min', 0.0, '/min']
2024-10-25 22:33:40.709655,[42.26, 'f'],[34.56608968631683, 'f'],[74.0, '%'],[0.0, ' in/hr', 'Currently Dry', 0.0],[0.0, ' in', 0.0, 1729913620.708129],['SSE', '', 'SSE', 'South [color=9aba2fff]SE[/color]'],[0.425017895490336, 'mph', 0.0, '0', 'Calm Conditions'],[25.264077926466264, ' inHg', 855.5364840100868],[0.0, 'count', 0.0, 1729913619.8270314],[19.88384, 'miles'],[0.0, '/min', 0.0, '/min']
2024-10-25 22:34:39.078314,[42.26, 'f'],[34.903442412327955, 'f'],[75.0, '%'],[0.0, ' in/hr', 'Currently Dry', 0.0],[0.0, ' in', 0.0, 1729913679.0774724],['SE', '', 'SE', 'South [color=9aba2fff]East[/color]'],[1.3421617752326398, 'mph', 1.0, '1', 'Light Air'],[25.264077926466264, ' inHg', 855.5364840100868],[0.0, 'count', 0.0, 1729913678.9692566],[19.88384, 'miles'],[0.0, '/min', 0.0, '/min']
2024-10-25 22:35:39.799338,[42.08, 'f'],[34.72930772570942, 'f'],[75.0, '%'],[0.0, ' in/hr', 'Currently Dry', 0.0],[0.0, ' in', 0.0, 1729913739.7823288],['SE', '', 'SE', 'South [color=9aba2fff]East[/color]'],[1.252684323550464, 'mph', 1.0, '1', 'Light Air'],[25.264077926466264, ' inHg', 855.5364840100868],[0.0, 'count', 0.0, 1729913738.879213],[19.88384, 'miles'],[0.0, '/min', 0.0, '/min']
2024-10-25 22:36:39.721484,[42.08, 'f'],[34.72930772570942, 'f'],[75.0, '%'],[0.0, ' in/hr', 'Currently Dry', 0.0],[0.0, ' in', 0.0, 1729913799.7205982],['ESE', '', 'ESE', 'East [color=9aba2fff]SE[/color]'],[1.3421617752326398, 'mph', 1.0, '1', 'Light Air'],[25.26715389995307, ' inHg', 855.6406480151801],[0.0, 'count', 0.0, 1729913798.8792393],[19.88384, 'miles'],[0.0, '/min', 0.0, '/min']
2024-10-25 22:37:40.677008,[42.08, 'f'],[34.72930772570942, 'f'],[75.0, '%'],[0.0, ' in/hr', 'Currently Dry', 0.0],[0.0, ' in', 0.0, 1729913860.6753962],['ESE', '', 'ESE', 'East [color=9aba2fff]SE[/color]'],[1.521116678596992, 'mph', 1.0, '1', 'Light Air'],[25.26715389995307, ' inHg', 855.6406480151801],[0.0, 'count', 0.0, 1729913859.8002694],[19.88384, 'miles'],[0.0, '/min', 0.0, '/min']
2024-10-25 22:38:40.757100,[42.08, 'f'],[34.72930772570942, 'f'],[75.0, '%'],[0.0, ' in/hr', 'Currently Dry', 0.0],[0.0, ' in', 0.0, 1729913920.7558112],['SE', '', 'SE', 'South [color=9aba2fff]East[/color]'],[1.2750536864710078, 'mph', 1.0, '1', 'Light Air'],[25.26715389995307, ' inHg', 855.6406480151801],[0.0, 'count', 0.0, 1729913919.8145943],[19.88384, 'miles'],[0.0, '/min', 0.0, '/min']
2024-10-25 22:39:39.926827,[42.08, 'f'],[34.72930772570942, 'f'],[75.0, '%'],[0.0, ' in/hr', 'Currently Dry', 0.0],[0.0, ' in', 0.0, 1729913979.925882],['SSE', '', 'SSE', 'South [color=9aba2fff]SE[/color]'],[0.850035790980672, 'mph', 0.0, '0', 'Calm Conditions'],[25.26715389995307, ' inHg', 855.6406480151801],[0.0, 'count', 0.0, 1729913979.8201332],[19.88384, 'miles'],[0.0, '/min', 0.0, '/min']
2024-10-25 22:40:40.715359,[42.26, 'f'],[34.903442412327955, 'f'],[75.0, '%'],[0.0, ' in/hr', 'Currently Dry', 0.0],[0.0, ' in', 0.0, 1729914040.7140431],['N', '', 'Calm', '[color=9aba2fff]Calm[/color]'],[0.0, 'mph', 0.0, '0', 'Calm Conditions'],[25.26715389995307, ' inHg', 855.6406480151801],[0.0, 'count', 0.0, 1729914039.8115427],[19.88384, 'miles'],[0.0, '/min', 0.0, '/min']
2024-10-25 22:41:37.766072,[42.26, 'f'],[34.903442412327955, 'f'],[75.0, '%'],[0.0, ' in/hr', 'Currently Dry', 0.0],[0.0, ' in', 0.0, 1729914097.7596333],['N', '', 'Calm', '[color=9aba2fff]Calm[/color]'],[0.0, 'mph', 0.0, '0', 'Calm Conditions'],[25.26715389995307, ' inHg', 855.6406480151801],[0.0, 'count', 0.0, 1729914096.9670587],[19.88384, 'miles'],[0.0, '/min', 0.0, '/min']
2024-10-25 22:42:36.911991,[42.26, 'f'],[34.56608968631683, 'f'],[74.0, '%'],[0.0, ' in/hr', 'Currently Dry', 0.0],[0.0, ' in', 0.0, 1729914156.9113076],['N', '', 'Calm', '[color=9aba2fff]Calm[/color]'],[0.0, 'mph', 0.0, '0', 'Calm Conditions'],[25.26715389995307, ' inHg', 855.6406480151801],[0.0, 'count', 0.0, 1729914156.827462],[19.88384, 'miles'],[0.0, '/min', 0.0, '/min']
2024-10-25 22:43:40.716326,[42.26, 'f'],[34.56608968631683, 'f'],[74.0, '%'],[0.0, ' in/hr', 'Currently Dry', 0.0],[0.0, ' in', 0.0, 1729914220.7150326],['N', '', 'Calm', '[color=9aba2fff]Calm[/color]'],[0.0, 'mph', 0.0, '0', 'Calm Conditions'],[25.26715389995307, ' inHg', 855.6406480151801],[0.0, 'count', 0.0, 1729914219.7815418],[19.88384, 'miles'],[0.0, '/min', 0.0, '/min']
2024-10-25 22:44:38.021276,[42.26, 'f'],[34.56608968631683, 'f'],[74.0, '%'],[0.0, ' in/hr', 'Currently Dry', 0.0],[0.0, ' in', 0.0, 1729914278.0203226],['N', '', 'Calm', '[color=9aba2fff]Calm[/color]'],[0.0, 'mph', 0.0, '0', 'Calm Conditions'],[25.26715389995307, ' inHg', 855.6406480151801],[0.0, 'count', 0.0, 1729914277.911866],[19.88384, 'miles'],[0.0, '/min', 0.0, '/min']
2024-10-25 22:45:39.785569,[42.08, 'f'],[34.39222163906046, 'f'],[74.0, '%'],[0.0, ' in/hr', 'Currently Dry', 0.0],[0.0, ' in', 0.0, 1729914339.7840302],['N', '', 'Calm', '[color=9aba2fff]Calm[/color]'],[0.0, 'mph', 0.0, '0', 'Calm Conditions'],[25.264077926466264, ' inHg', 855.5364840100868],[0.0, 'count', 0.0, 1729914338.8584988],[19.88384, 'miles'],[0.0, '/min', 0.0, '/min']
2024-10-25 22:46:40.761181,[42.08, 'f'],[34.39222163906046, 'f'],[74.0, '%'],[0.0, ' in/hr', 'Currently Dry', 0.0],[0.0, ' in', 0.0, 1729914400.7607436],['N', '', 'Calm', '[color=9aba2fff]Calm[/color]'],[0.0, 'mph', 0.0, '0', 'Calm Conditions'],[25.264077926466264, ' inHg', 855.5364840100868],[0.0, 'count', 0.0, 1729914399.8104117],[19.88384, 'miles'],[0.0, '/min', 0.0, '/min']
2024-10-25 22:47:39.909056,[42.08, 'f'],[34.39222163906046, 'f'],[74.0, '%'],[0.0, ' in/hr', 'Currently Dry', 0.0],[0.0, ' in', 0.0, 1729914459.908251],['WSW', '', 'WSW', 'West [color=9aba2fff]SW[/color]'],[0.20132426628489597, 'mph', 0.0, '0', 'Calm Conditions'],[25.264077926466264, ' inHg', 855.5364840100868],[0.0, 'count', 0.0, 1729914459.806733],[19.88384, 'miles'],[0.0, '/min', 0.0, '/min']
2024-10-25 22:48:39.817303,[42.08, 'f'],[34.72930772570942, 'f'],[75.0, '%'],[0.0, ' in/hr', 'Currently Dry', 0.0],[0.0, ' in', 0.0, 1729914519.8161478],['WSW', '', 'WSW', 'West [color=9aba2fff]SW[/color]'],[1.4092698639942718, 'mph', 1.0, '1', 'Light Air'],[25.264077926466264, ' inHg', 855.5364840100868],[0.0, 'count', 0.0, 1729914519.6835432],[19.88384, 'miles'],[0.0, '/min', 0.0, '/min']
2024-10-25 22:49:40.763099,[41.9, 'f'],[34.55517073853973, 'f'],[75.0, '%'],[0.0, ' in/hr', 'Currently Dry', 0.0],[0.0, ' in', 0.0, 1729914580.7618349],['SW', '', 'SW', 'South [color=9aba2fff]West[/color]'],[0.9842519685039359, 'mph', 0.0, '0', 'Calm Conditions'],[25.264077926466264, ' inHg', 855.5364840100868],[0.0, 'count', 0.0, 1729914579.7780328],[19.88384, 'miles'],[0.0, '/min', 0.0, '/min']
2024-10-25 22:50:40.799345,[41.9, 'f'],[34.55517073853973, 'f'],[75.0, '%'],[0.0, ' in/hr', 'Currently Dry', 0.0],[0.0, ' in', 0.0, 1729914640.798061],['N', '', 'Calm', '[color=9aba2fff]Calm[/color]'],[0.0, 'mph', 0.0, '0', 'Calm Conditions'],[25.264077926466264, ' inHg', 855.5364840100868],[0.0, 'count', 0.0, 1729914639.8283126],[19.88384, 'miles'],[0.0, '/min', 0.0, '/min']
2024-10-25 22:51:40.811749,[41.9, 'f'],[34.55517073853973, 'f'],[75.0, '%'],[0.0, ' in/hr', 'Currently Dry', 0.0],[0.0, ' in', 0.0, 1729914700.7949622],['N', '', 'Calm', '[color=9aba2fff]Calm[/color]'],[0.0, 'mph', 0.0, '0', 'Calm Conditions'],[25.264077926466264, ' inHg', 855.5364840100868],[0.0, 'count', 0.0, 1729914699.812638],[19.88384, 'miles'],[0.0, '/min', 0.0, '/min']
2024-10-25 22:52:38.004734,[41.9, 'f'],[34.55517073853973, 'f'],[75.0, '%'],[0.0, ' in/hr', 'Currently Dry', 0.0],[0.0, ' in', 0.0, 1729914758.0038154],['N', '', 'Calm', '[color=9aba2fff]Calm[/color]'],[0.0, 'mph', 0.0, '0', 'Calm Conditions'],[25.264077926466264, ' inHg', 855.5364840100868],[0.0, 'count', 0.0, 1729914757.8868904],[19.88384, 'miles'],[0.0, '/min', 0.0, '/min']
2024-10-25 22:53:36.070201,[41.9, 'f'],[34.55517073853973, 'f'],[75.0, '%'],[0.0, ' in/hr', 'Currently Dry', 0.0],[0.0, ' in', 0.0, 1729914816.0696287],['N', '', 'Calm', '[color=9aba2fff]Calm[/color]'],[0.0, 'mph', 0.0, '0', 'Calm Conditions'],[25.264077926466264, ' inHg', 855.5364840100868],[0.0, 'count', 0.0, 1729914816.0116954],[19.88384, 'miles'],[0.0, '/min', 0.0, '/min']
2024-10-25 22:54:39.899484,[41.9, 'f'],[34.55517073853973, 'f'],[75.0, '%'],[0.0, ' in/hr', 'Currently Dry', 0.0],[0.0, ' in', 0.0, 1729914879.8986287],['SW', '', 'SW', 'South [color=9aba2fff]West[/color]'],[0.9842519685039359, 'mph', 0.0, '0', 'Calm Conditions'],[25.264077926466264, ' inHg', 855.5364840100868],[0.0, 'count', 0.0, 1729914879.796503],[19.88384, 'miles'],[0.0, '/min', 0.0, '/min']
2024-10-25 22:55:40.679761,[41.72, 'f'],[34.38103145077329, 'f'],[75.0, '%'],[0.0, ' in/hr', 'Currently Dry', 0.0],[0.0, ' in', 0.0, 1729914940.6746628],['WSW', '', 'WSW', 'West [color=9aba2fff]SW[/color]'],[0.44738725841088, 'mph', 0.0, '0', 'Calm Conditions'],[25.264077926466264, ' inHg', 855.5364840100868],[0.0, 'count', 0.0, 1729914939.8154292],[19.88384, 'miles'],[0.0, '/min', 0.0, '/min']
2024-10-25 22:56:40.694939,[41.72, 'f'],[34.38103145077329, 'f'],[75.0, '%'],[0.0, ' in/hr', 'Currently Dry', 0.0],[0.0, ' in', 0.0, 1729915000.6936626],['WSW', '', 'WSW', 'West [color=9aba2fff]SW[/color]'],[0.8052970651395839, 'mph', 0.0, '0', 'Calm Conditions'],[25.264077926466264, ' inHg', 855.5364840100868],[0.0, 'count', 0.0, 1729914999.8092334],[19.88384, 'miles'],[0.0, '/min', 0.0, '/min']
2024-10-25 22:57:39.908067,[41.72, 'f'],[34.713632383533735, 'f'],[76.0, '%'],[0.0, ' in/hr', 'Currently Dry', 0.0],[0.0, ' in', 0.0, 1729915059.9072201],['WSW', '', 'WSW', 'West [color=9aba2fff]SW[/color]'],[0.26843235504652796, 'mph', 0.0, '0', 'Calm Conditions'],[25.264077926466264, ' inHg', 855.5364840100868],[0.0, 'count', 0.0, 1729915059.8031895],[19.88384, 'miles'],[0.0, '/min', 0.0, '/min']
2024-10-25 22:58:40.824219,[41.72, 'f'],[34.713632383533735, 'f'],[76.0, '%'],[0.0, ' in/hr', 'Currently Dry', 0.0],[0.0, ' in', 0.0, 1729915120.8178046],['WSW', '', 'WSW', 'West [color=9aba2fff]SW[/color]'],[0.380279169649248, 'mph', 0.0, '0', 'Calm Conditions'],[25.264077926466264, ' inHg', 855.5364840100868],[0.0, 'count', 0.0, 1729915120.6811225],[19.88384, 'miles'],[0.0, '/min', 0.0, '/min']
2024-10-25 22:59:36.677904,[41.72, 'f'],[34.713632383533735, 'f'],[76.0, '%'],[0.0, ' in/hr', 'Currently Dry', 0.0],[0.0, ' in', 0.0, 1729915176.6771753],['N', '', 'Calm', '[color=9aba2fff]Calm[/color]'],[0.0, 'mph', 0.0, '0', 'Calm Conditions'],[25.264077926466264, ' inHg', 855.5364840100868],[0.0, 'count', 0.0, 1729915176.012996],[19.88384, 'miles'],[0.0, '/min', 0.0, '/min']
2024-10-25 23:00:39.938055,[41.72, 'f'],[34.713632383533735, 'f'],[76.0, '%'],[0.0, ' in/hr', 'Currently Dry', 0.0],[0.0, ' in', 0.0, 1729915239.9372687],['WNW', '', 'WNW', 'West [color=9aba2fff]NW[/color]'],[1.4540085898353599, 'mph', 1.0, '1', 'Light Air'],[25.264077926466264, ' inHg', 855.5364840100868],[0.0, 'count', 0.0, 1729915239.8492882],[19.88384, 'miles'],[0.0, '/min', 0.0, '/min']
2024-10-25 23:01:40.816968,[41.72, 'f'],[34.38103145077329, 'f'],[75.0, '%'],[0.0, ' in/hr', 'Currently Dry', 0.0],[0.0, ' in', 0.0, 1729915300.8156526],['WNW', '', 'WNW', 'West [color=9aba2fff]NW[/color]'],[0.603972798854688, 'mph', 0.0, '0', 'Calm Conditions'],[25.264077926466264, ' inHg', 855.5364840100868],[0.0, 'count', 0.0, 1729915299.8024433],[19.88384, 'miles'],[0.0, '/min', 0.0, '/min']
2024-10-25 23:02:40.712270,[41.9, 'f'],[34.21835118943834, 'f'],[74.0, '%'],[0.0, ' in/hr', 'Currently Dry', 0.0],[0.0, ' in', 0.0, 1729915360.6948276],['N', '', 'Calm', '[color=9aba2fff]Calm[/color]'],[0.0, 'mph', 0.0, '0', 'Calm Conditions'],[25.264077926466264, ' inHg', 855.5364840100868],[0.0, 'count', 0.0, 1729915359.7397344],[19.88384, 'miles'],[0.0, '/min', 0.0, '/min']
2024-10-25 23:03:36.891429,[41.9, 'f'],[34.21835118943834, 'f'],[74.0, '%'],[0.0, ' in/hr', 'Currently Dry', 0.0],[0.0, ' in', 0.0, 1729915416.8908536],['N', '', 'Calm', '[color=9aba2fff]Calm[/color]'],[0.0, 'mph', 0.0, '0', 'Calm Conditions'],[25.264077926466264, ' inHg', 855.5364840100868],[0.0, 'count', 0.0, 1729915416.8295548],[19.88384, 'miles'],[0.0, '/min', 0.0, '/min']
2024-10-25 23:04:40.672938,[41.9, 'f'],[34.55517073853973, 'f'],[75.0, '%'],[0.0, ' in/hr', 'Currently Dry', 0.0],[0.0, ' in', 0.0, 1729915480.6720502],['WSW', '', 'WSW', 'West [color=9aba2fff]SW[/color]'],[1.0066213314244798, 'mph', 0.0, '0', 'Calm Conditions'],[25.264077926466264, ' inHg', 855.5364840100868],[0.0, 'count', 0.0, 1729915479.7228434],[19.88384, 'miles'],[0.0, '/min', 0.0, '/min']
2024-10-25 23:05:39.915652,[41.9, 'f'],[34.55517073853973, 'f'],[75.0, '%'],[0.0, ' in/hr', 'Currently Dry', 0.0],[0.0, ' in', 0.0, 1729915539.9147804],['WNW', '', 'WNW', 'West [color=9aba2fff]NW[/color]'],[1.498747315676448, 'mph', 1.0, '1', 'Light Air'],[25.26715389995307, ' inHg', 855.6406480151801],[0.0, 'count', 0.0, 1729915539.8164845],[19.88384, 'miles'],[0.0, '/min', 0.0, '/min']
2024-10-25 23:06:39.846331,[41.9, 'f'],[34.21835118943834, 'f'],[74.0, '%'],[0.0, ' in/hr', 'Currently Dry', 0.0],[0.0, ' in', 0.0, 1729915599.8451118],['NW', '', 'NW', 'North [color=9aba2fff]West[/color]'],[1.9013958482462399, 'mph', 1.0, '1', 'Light Air'],[25.26715389995307, ' inHg', 855.6406480151801],[0.0, 'count', 0.0, 1729915599.7054927],[19.88384, 'miles'],[0.0, '/min', 0.0, '/min']
2024-10-25 23:07:39.836589,[42.08, 'f'],[34.051075632139955, 'f'],[73.0, '%'],[0.0, ' in/hr', 'Currently Dry', 0.0],[0.0, ' in', 0.0, 1729915659.8331807],['NW', '', 'NW', 'North [color=9aba2fff]West[/color]'],[1.3869005010737279, 'mph', 1.0, '1', 'Light Air'],[25.26715389995307, ' inHg', 855.6406480151801],[0.0, 'count', 0.0, 1729915659.7058296],[19.88384, 'miles'],[0.0, '/min', 0.0, '/min']
2024-10-25 23:08:39.754550,[42.26, 'f'],[33.87908943771613, 'f'],[72.0, '%'],[0.0, ' in/hr', 'Currently Dry', 0.0],[0.0, ' in', 0.0, 1729915719.7532825],['NW', '', 'NW', 'North [color=9aba2fff]West[/color]'],[1.6105941302791678, 'mph', 1.0, '1', 'Light Air'],[25.26715389995307, ' inHg', 855.6406480151801],[0.0, 'count', 0.0, 1729915718.805008],[19.88384, 'miles'],[0.0, '/min', 0.0, '/min']
2024-10-25 23:09:39.914227,[42.44, 'f'],[34.05241251133476, 'f'],[72.0, '%'],[0.0, ' in/hr', 'Currently Dry', 0.0],[0.0, ' in', 0.0, 1729915779.9133847],['NW', '', 'NW', 'North [color=9aba2fff]West[/color]'],[1.5658554044380797, 'mph', 1.0, '1', 'Light Air'],[25.26715389995307, ' inHg', 855.6406480151801],[0.0, 'count', 0.0, 1729915779.8082433],[19.88384, 'miles'],[0.0, '/min', 0.0, '/min']
2024-10-25 23:10:39.853203,[42.620000000000005, 'f'],[33.875317034747795, 'f'],[71.0, '%'],[0.0, ' in/hr', 'Currently Dry', 0.0],[0.0, ' in', 0.0, 1729915839.8518722],['WNW', '', 'WNW', 'West [color=9aba2fff]NW[/color]'],[0.40264853256979194, 'mph', 0.0, '0', 'Calm Conditions'],[25.26715389995307, ' inHg', 855.6406480151801],[0.0, 'count', 0.0, 1729915839.692067],[19.88384, 'miles'],[0.0, '/min', 0.0, '/min']
2024-10-25 23:11:39.933613,[42.620000000000005, 'f'],[33.875317034747795, 'f'],[71.0, '%'],[0.0, ' in/hr', 'Currently Dry', 0.0],[0.0, ' in', 0.0, 1729915899.932303],['W', '', 'W', 'Due [color=9aba2fff]West[/color]'],[0.156585540443808, 'mph', 0.0, '0', 'Calm Conditions'],[25.26715389995307, ' inHg', 855.6406480151801],[0.0, 'count', 0.0, 1729915899.7533572],[19.88384, 'miles'],[0.0, '/min', 0.0, '/min']
2024-10-25 23:12:39.993140,[42.8, 'f'],[34.39905083283465, 'f'],[72.0, '%'],[0.0, ' in/hr', 'Currently Dry', 0.0],[0.0, ' in', 0.0, 1729915959.9918244],['W', '', 'W', 'Due [color=9aba2fff]West[/color]'],[0.626342161775232, 'mph', 0.0, '0', 'Calm Conditions'],[25.26715389995307, ' inHg', 855.6406480151801],[0.0, 'count', 0.0, 1729915959.8227332],[19.88384, 'miles'],[0.0, '/min', 0.0, '/min']
2024-10-25 23:13:41.046682,[42.8, 'f'],[34.39905083283465, 'f'],[72.0, '%'],[0.0, ' in/hr', 'Currently Dry', 0.0],[0.0, ' in', 0.0, 1729916021.0453737],['WSW', '', 'WSW', 'West [color=9aba2fff]SW[/color]'],[0.178954903364352, 'mph', 0.0, '0', 'Calm Conditions'],[25.26715389995307, ' inHg', 855.6406480151801],[0.0, 'count', 0.0, 1729916020.9078555],[19.88384, 'miles'],[0.0, '/min', 0.0, '/min']
2024-10-25 23:14:40.722611,[42.8, 'f'],[34.39905083283465, 'f'],[72.0, '%'],[0.0, ' in/hr', 'Currently Dry', 0.0],[0.0, ' in', 0.0, 1729916080.7213273],['WSW', '', 'WSW', 'West [color=9aba2fff]SW[/color]'],[0.13421617752326398, 'mph', 0.0, '0', 'Calm Conditions'],[25.26715389995307, ' inHg', 855.6406480151801],[0.0, 'count', 0.0, 1729916079.7974439],[19.88384, 'miles'],[0.0, '/min', 0.0, '/min']
2024-10-25 23:15:39.899798,[42.8, 'f'],[34.39905083283465, 'f'],[72.0, '%'],[0.0, ' in/hr', 'Currently Dry', 0.0],[0.0, ' in', 0.0, 1729916139.8935068],['WSW', '', 'WSW', 'West [color=9aba2fff]SW[/color]'],[0.46975662133142393, 'mph', 0.0, '0', 'Calm Conditions'],[25.26715389995307, ' inHg', 855.6406480151801],[0.0, 'count', 0.0, 1729916139.7511988],[19.88384, 'miles'],[0.0, '/min', 0.0, '/min']
2024-10-25 23:16:39.757633,[42.8, 'f'],[34.39905083283465, 'f'],[72.0, '%'],[0.0, ' in/hr', 'Currently Dry', 0.0],[0.0, ' in', 0.0, 1729916199.7563162],['WSW', '', 'WSW', 'West [color=9aba2fff]SW[/color]'],[0.22369362920544, 'mph', 0.0, '0', 'Calm Conditions'],[25.26715389995307, ' inHg', 855.6406480151801],[0.0, 'count', 0.0, 1729916198.8502977],[19.88384, 'miles'],[0.0, '/min', 0.0, '/min']
2024-10-25 23:17:39.998424,[42.8, 'f'],[34.39905083283465, 'f'],[72.0, '%'],[0.0, ' in/hr', 'Currently Dry', 0.0],[0.0, ' in', 0.0, 1729916259.9971466],['WSW', '', 'WSW', 'West [color=9aba2fff]SW[/color]'],[0.022369362920544, 'mph', 0.0, '0', 'Calm Conditions'],[25.26715389995307, ' inHg', 855.6406480151801],[0.0, 'count', 0.0, 1729916259.8346238],[19.88384, 'miles'],[0.0, '/min', 0.0, '/min']
2024-10-25 23:18:39.776926,[42.8, 'f'],[34.39905083283465, 'f'],[72.0, '%'],[0.0, ' in/hr', 'Currently Dry', 0.0],[0.0, ' in', 0.0, 1729916319.7756178],['N', '', 'Calm', '[color=9aba2fff]Calm[/color]'],[0.0, 'mph', 0.0, '0', 'Calm Conditions'],[25.26715389995307, ' inHg', 855.6406480151801],[0.0, 'count', 0.0, 1729916318.8268044],[19.88384, 'miles'],[0.0, '/min', 0.0, '/min']
2024-10-25 23:19:38.675402,[42.620000000000005, 'f'],[34.225732976354635, 'f'],[72.0, '%'],[0.0, ' in/hr', 'Currently Dry', 0.0],[0.0, ' in', 0.0, 1729916378.6746693],['N', '', 'Calm', '[color=9aba2fff]Calm[/color]'],[0.0, 'mph', 0.0, '0', 'Calm Conditions'],[25.26715389995307, ' inHg', 855.6406480151801],[0.0, 'count', 0.0, 1729916377.8620355],[19.88384, 'miles'],[0.0, '/min', 0.0, '/min']
2024-10-25 23:20:38.680375,[42.620000000000005, 'f'],[34.5718633307125, 'f'],[73.0, '%'],[0.0, ' in/hr', 'Currently Dry', 0.0],[0.0, ' in', 0.0, 1729916438.679971],['N', '', 'Calm', '[color=9aba2fff]Calm[/color]'],[0.0, 'mph', 0.0, '0', 'Calm Conditions'],[25.26715389995307, ' inHg', 855.6406480151801],[0.0, 'count', 0.0, 1729916437.857156],[19.88384, 'miles'],[0.0, '/min', 0.0, '/min']
2024-10-25 23:21:38.675309,[42.44, 'f'],[34.39826993617868, 'f'],[73.0, '%'],[0.0, ' in/hr', 'Currently Dry', 0.0],[0.0, ' in', 0.0, 1729916498.6749194],['WSW', '', 'WSW', 'West [color=9aba2fff]SW[/color]'],[0.626342161775232, 'mph', 0.0, '0', 'Calm Conditions'],[25.26715389995307, ' inHg', 855.6406480151801],[0.0, 'count', 0.0, 1729916497.7522163],[19.88384, 'miles'],[0.0, '/min', 0.0, '/min']
2024-10-25 23:22:39.702043,[42.44, 'f'],[34.39826993617868, 'f'],[73.0, '%'],[0.0, ' in/hr', 'Currently Dry', 0.0],[0.0, ' in', 0.0, 1729916559.700737],['N', '', 'Calm', '[color=9aba2fff]Calm[/color]'],[0.0, 'mph', 0.0, '0', 'Calm Conditions'],[25.26715389995307, ' inHg', 855.6406480151801],[0.0, 'count', 0.0, 1729916558.8089817],[19.88384, 'miles'],[0.0, '/min', 0.0, '/min']
2024-10-25 23:23:38.711760,[42.44, 'f'],[34.73995533125724, 'f'],[74.0, '%'],[0.0, ' in/hr', 'Currently Dry', 0.0],[0.0, ' in', 0.0, 1729916618.7049222],['WSW', '', 'WSW', 'West [color=9aba2fff]SW[/color]'],[0.9618826055833919, 'mph', 0.0, '0', 'Calm Conditions'],[25.26715389995307, ' inHg', 855.6406480151801],[0.0, 'count', 0.0, 1729916617.9288466],[19.88384, 'miles'],[0.0, '/min', 0.0, '/min']
2024-10-25 23:24:38.905657,[42.26, 'f'],[34.56608968631683, 'f'],[74.0, '%'],[0.0, ' in/hr', 'Currently Dry', 0.0],[0.0, ' in', 0.0, 1729916678.9047365],['SW', '', 'SW', 'South [color=9aba2fff]West[/color]'],[1.0737294201861118, 'mph', 0.0, '0', 'Calm Conditions'],[25.264077926466264, ' inHg', 855.5364840100868],[0.0, 'count', 0.0, 1729916678.805533],[19.88384, 'miles'],[0.0, '/min', 0.0, '/min']
2024-10-25 23:25:39.688585,[42.26, 'f'],[34.56608968631683, 'f'],[74.0, '%'],[0.0, ' in/hr', 'Currently Dry', 0.0],[0.0, ' in', 0.0, 1729916739.6878474],['N', '', 'Calm', '[color=9aba2fff]Calm[/color]'],[0.0, 'mph', 0.0, '0', 'Calm Conditions'],[25.264077926466264, ' inHg', 855.5364840100868],[0.0, 'count', 0.0, 1729916738.8739302],[19.88384, 'miles'],[0.0, '/min', 0.0, '/min']
2024-10-25 23:26:39.692708,[42.08, 'f'],[34.39222163906046, 'f'],[74.0, '%'],[0.0, ' in/hr', 'Currently Dry', 0.0],[0.0, ' in', 0.0, 1729916799.691802],['SW', '', 'SW', 'South [color=9aba2fff]West[/color]'],[0.46975662133142393, 'mph', 0.0, '0', 'Calm Conditions'],[25.264077926466264, ' inHg', 855.5364840100868],[0.0, 'count', 0.0, 1729916798.7875526],[19.88384, 'miles'],[0.0, '/min', 0.0, '/min']
2024-10-25 23:27:37.050639,[42.08, 'f'],[34.39222163906046, 'f'],[74.0, '%'],[0.0, ' in/hr', 'Currently Dry', 0.0],[0.0, ' in', 0.0, 1729916857.0496964],['N', '', 'Calm', '[color=9aba2fff]Calm[/color]'],[0.0, 'mph', 0.0, '0', 'Calm Conditions'],[25.264077926466264, ' inHg', 855.5364840100868],[0.0, 'count', 0.0, 1729916856.929569],[19.88384, 'miles'],[0.0, '/min', 0.0, '/min']
2024-10-25 23:28:38.724154,[41.9, 'f'],[34.55517073853973, 'f'],[75.0, '%'],[0.0, ' in/hr', 'Currently Dry', 0.0],[0.0, ' in', 0.0, 1729916918.7228374],['N', '', 'Calm', '[color=9aba2fff]Calm[/color]'],[0.0, 'mph', 0.0, '0', 'Calm Conditions'],[25.264077926466264, ' inHg', 855.5364840100868],[0.0, 'count', 0.0, 1729916917.848276],[19.88384, 'miles'],[0.0, '/min', 0.0, '/min']
2024-10-25 23:29:38.691292,[41.9, 'f'],[34.55517073853973, 'f'],[75.0, '%'],[0.0, ' in/hr', 'Currently Dry', 0.0],[0.0, ' in', 0.0, 1729916978.6898572],['N', '', 'Calm', '[color=9aba2fff]Calm[/color]'],[0.0, 'mph', 0.0, '0', 'Calm Conditions'],[25.264077926466264, ' inHg', 855.5364840100868],[0.0, 'count', 0.0, 1729916977.8679695],[19.88384, 'miles'],[0.0, '/min', 0.0, '/min']
2024-10-25 23:30:36.756361,[41.72, 'f'],[34.38103145077329, 'f'],[75.0, '%'],[0.0, ' in/hr', 'Currently Dry', 0.0],[0.0, ' in', 0.0, 1729917036.7550771],['N', '', 'Calm', '[color=9aba2fff]Calm[/color]'],[0.0, 'mph', 0.0, '0', 'Calm Conditions'],[25.264077926466264, ' inHg', 855.5364840100868],[0.0, 'count', 0.0, 1729917035.9419444],[19.88384, 'miles'],[0.0, '/min', 0.0, '/min']
2024-10-25 23:31:35.776674,[41.54, 'f'],[34.206889862364505, 'f'],[75.0, '%'],[0.0, ' in/hr', 'Currently Dry', 0.0],[0.0, ' in', 0.0, 1729917095.7762504],['N', '', 'Calm', '[color=9aba2fff]Calm[/color]'],[0.0, 'mph', 0.0, '0', 'Calm Conditions'],[25.264077926466264, ' inHg', 855.5364840100868],[0.0, 'count', 0.0, 1729917095.7377534],[19.88384, 'miles'],[0.0, '/min', 0.0, '/min']
2024-10-25 23:32:38.691688,[41.54, 'f'],[34.206889862364505, 'f'],[75.0, '%'],[0.0, ' in/hr', 'Currently Dry', 0.0],[0.0, ' in', 0.0, 1729917158.6898875],['N', '', 'Calm', '[color=9aba2fff]Calm[/color]'],[0.0, 'mph', 0.0, '0', 'Calm Conditions'],[25.264077926466264, ' inHg', 855.5364840100868],[0.0, 'count', 0.0, 1729917157.8646116],[19.88384, 'miles'],[0.0, '/min', 0.0, '/min']
2024-10-25 23:33:35.783982,[41.36, 'f'],[34.36482019400536, 'f'],[76.0, '%'],[0.0, ' in/hr', 'Currently Dry', 0.0],[0.0, ' in', 0.0, 1729917215.783562],['N', '', 'Calm', '[color=9aba2fff]Calm[/color]'],[0.0, 'mph', 0.0, '0', 'Calm Conditions'],[25.264077926466264, ' inHg', 855.5364840100868],[0.0, 'count', 0.0, 1729917215.7426164],[19.88384, 'miles'],[0.0, '/min', 0.0, '/min']
2024-10-25 23:34:37.057810,[41.36, 'f'],[34.36482019400536, 'f'],[76.0, '%'],[0.0, ' in/hr', 'Currently Dry', 0.0],[0.0, ' in', 0.0, 1729917277.0569522],['N', '', 'Calm', '[color=9aba2fff]Calm[/color]'],[0.0, 'mph', 0.0, '0', 'Calm Conditions'],[25.264077926466264, ' inHg', 855.5364840100868],[0.0, 'count', 0.0, 1729917276.9582531],[19.88384, 'miles'],[0.0, '/min', 0.0, '/min']
2024-10-25 23:35:35.792778,[41.36, 'f'],[34.36482019400536, 'f'],[76.0, '%'],[0.0, ' in/hr', 'Currently Dry', 0.0],[0.0, ' in', 0.0, 1729917335.7923203],['N', '', 'Calm', '[color=9aba2fff]Calm[/color]'],[0.0, 'mph', 0.0, '0', 'Calm Conditions'],[25.264077926466264, ' inHg', 855.5364840100868],[0.0, 'count', 0.0, 1729917335.7480302],[19.88384, 'miles'],[0.0, '/min', 0.0, '/min']
2024-10-25 23:36:35.808549,[41.18, 'f'],[34.19041079958641, 'f'],[76.0, '%'],[0.0, ' in/hr', 'Currently Dry', 0.0],[0.0, ' in', 0.0, 1729917395.8080547],['N', '', 'Calm', '[color=9aba2fff]Calm[/color]'],[0.0, 'mph', 0.0, '0', 'Calm Conditions'],[25.264077926466264, ' inHg', 855.5364840100868],[0.0, 'count', 0.0, 1729917395.7603393],[19.88384, 'miles'],[0.0, '/min', 0.0, '/min']
2024-10-25 23:37:38.911432,[41.18, 'f'],[34.19041079958641, 'f'],[76.0, '%'],[0.0, ' in/hr', 'Currently Dry', 0.0],[0.0, ' in', 0.0, 1729917458.910575],['N', '', 'Calm', '[color=9aba2fff]Calm[/color]'],[0.0, 'mph', 0.0, '0', 'Calm Conditions'],[25.264077926466264, ' inHg', 855.5364840100868],[0.0, 'count', 0.0, 1729917458.809863],[19.88384, 'miles'],[0.0, '/min', 0.0, '/min']
2024-10-25 23:38:36.791601,[41.0, 'f'],[34.01599920534212, 'f'],[76.0, '%'],[0.0, ' in/hr', 'Currently Dry', 0.0],[0.0, ' in', 0.0, 1729917516.7853959],['N', '', 'Calm', '[color=9aba2fff]Calm[/color]'],[0.0, 'mph', 0.0, '0', 'Calm Conditions'],[25.264077926466264, ' inHg', 855.5364840100868],[0.0, 'count', 0.0, 1729917516.6730397],[19.88384, 'miles'],[0.0, '/min', 0.0, '/min']
2024-10-25 23:39:39.699337,[41.0, 'f'],[34.34370424087098, 'f'],[77.0, '%'],[0.0, ' in/hr', 'Currently Dry', 0.0],[0.0, ' in', 0.0, 1729917579.692406],['N', '', 'Calm', '[color=9aba2fff]Calm[/color]'],[0.0, 'mph', 0.0, '0', 'Calm Conditions'],[25.264077926466264, ' inHg', 855.5364840100868],[0.0, 'count', 0.0, 1729917578.812834],[19.88384, 'miles'],[0.0, '/min', 0.0, '/min']
2024-10-25 23:40:36.859343,[41.0, 'f'],[34.01599920534212, 'f'],[76.0, '%'],[0.0, ' in/hr', 'Currently Dry', 0.0],[0.0, ' in', 0.0, 1729917636.8530557],['N', '', 'Calm', '[color=9aba2fff]Calm[/color]'],[0.0, 'mph', 0.0, '0', 'Calm Conditions'],[25.264077926466264, ' inHg', 855.5364840100868],[0.0, 'count', 0.0, 1729917636.7154675],[19.88384, 'miles'],[0.0, '/min', 0.0, '/min']
2024-10-25 23:41:35.756271,[41.0, 'f'],[34.01599920534212, 'f'],[76.0, '%'],[0.0, ' in/hr', 'Currently Dry', 0.0],[0.0, ' in', 0.0, 1729917695.7555778],['N', '', 'Calm', '[color=9aba2fff]Calm[/color]'],[0.0, 'mph', 0.0, '0', 'Calm Conditions'],[25.264077926466264, ' inHg', 855.5364840100868],[0.0, 'count', 0.0, 1729917695.6839263],[19.88384, 'miles'],[0.0, '/min', 0.0, '/min']
2024-10-25 23:42:35.706108,[40.82, 'f'],[33.84158541123088, 'f'],[76.0, '%'],[0.0, ' in/hr', 'Currently Dry', 0.0],[0.0, ' in', 0.0, 1729917755.7056093],['N', '', 'Calm', '[color=9aba2fff]Calm[/color]'],[0.0, 'mph', 0.0, '0', 'Calm Conditions'],[25.264077926466264, ' inHg', 855.5364840100868],[0.0, 'count', 0.0, 1729917755.1121285],[19.88384, 'miles'],[0.0, '/min', 0.0, '/min']
2024-10-25 23:43:39.691946,[40.82, 'f'],[33.84158541123088, 'f'],[76.0, '%'],[0.0, ' in/hr', 'Currently Dry', 0.0],[0.0, ' in', 0.0, 1729917819.6910107],['N', '', 'Calm', '[color=9aba2fff]Calm[/color]'],[0.0, 'mph', 0.0, '0', 'Calm Conditions'],[25.264077926466264, ' inHg', 855.5364840100868],[0.0, 'count', 0.0, 1729917818.8071413],[19.88384, 'miles'],[0.0, '/min', 0.0, '/min']
2024-10-25 23:44:37.048463,[40.82, 'f'],[33.84158541123088, 'f'],[76.0, '%'],[0.0, ' in/hr', 'Currently Dry', 0.0],[0.0, ' in', 0.0, 1729917877.0419896],['N', '', 'Calm', '[color=9aba2fff]Calm[/color]'],[0.0, 'mph', 0.0, '0', 'Calm Conditions'],[25.264077926466264, ' inHg', 855.5364840100868],[0.0, 'count', 0.0, 1729917876.895264],[19.88384, 'miles'],[0.0, '/min', 0.0, '/min']
2024-10-25 23:45:38.685677,[40.64, 'f'],[33.99435425440306, 'f'],[77.0, '%'],[0.0, ' in/hr', 'Currently Dry', 0.0],[0.0, ' in', 0.0, 1729917938.6845136],['N', '', 'Calm', '[color=9aba2fff]Calm[/color]'],[0.0, 'mph', 0.0, '0', 'Calm Conditions'],[25.261001950058553, ' inHg', 855.4323199060807],[0.0, 'count', 0.0, 1729917937.8564806],[19.88384, 'miles'],[0.0, '/min', 0.0, '/min']
2024-10-25 23:46:39.697410,[40.64, 'f'],[33.99435425440306, 'f'],[77.0, '%'],[0.0, ' in/hr', 'Currently Dry', 0.0],[0.0, ' in', 0.0, 1729917999.6960878],['N', '', 'Calm', '[color=9aba2fff]Calm[/color]'],[0.0, 'mph', 0.0, '0', 'Calm Conditions'],[25.261001950058553, ' inHg', 855.4323199060807],[0.0, 'count', 0.0, 1729917998.8173716],[19.88384, 'miles'],[0.0, '/min', 0.0, '/min']
2024-10-25 23:47:35.810763,[40.64, 'f'],[33.99435425440306, 'f'],[77.0, '%'],[0.0, ' in/hr', 'Currently Dry', 0.0],[0.0, ' in', 0.0, 1729918055.8102658],['N', '', 'Calm', '[color=9aba2fff]Calm[/color]'],[0.0, 'mph', 0.0, '0', 'Calm Conditions'],[25.261001950058553, ' inHg', 855.4323199060807],[0.0, 'count', 0.0, 1729918055.754414],[19.88384, 'miles'],[0.0, '/min', 0.0, '/min']
2024-10-25 23:48:35.792659,[40.64, 'f'],[33.99435425440306, 'f'],[77.0, '%'],[0.0, ' in/hr', 'Currently Dry', 0.0],[0.0, ' in', 0.0, 1729918115.7922094],['N', '', 'Calm', '[color=9aba2fff]Calm[/color]'],[0.0, 'mph', 0.0, '0', 'Calm Conditions'],[25.261001950058553, ' inHg', 855.4323199060807],[0.0, 'count', 0.0, 1729918115.7488956],[19.88384, 'miles'],[0.0, '/min', 0.0, '/min']
2024-10-25 23:49:35.822954,[40.64, 'f'],[33.99435425440306, 'f'],[77.0, '%'],[0.0, ' in/hr', 'Currently Dry', 0.0],[0.0, ' in', 0.0, 1729918175.8224518],['N', '', 'Calm', '[color=9aba2fff]Calm[/color]'],[0.0, 'mph', 0.0, '0', 'Calm Conditions'],[25.261001950058553, ' inHg', 855.4323199060807],[0.0, 'count', 0.0, 1729918175.772606],[19.88384, 'miles'],[0.0, '/min', 0.0, '/min']
2024-10-25 23:50:35.772431,[40.46, 'f'],[33.81967611141623, 'f'],[77.0, '%'],[0.0, ' in/hr', 'Currently Dry', 0.0],[0.0, ' in', 0.0, 1729918235.7719696],['N', '', 'Calm', '[color=9aba2fff]Calm[/color]'],[0.0, 'mph', 0.0, '0', 'Calm Conditions'],[25.261001950058553, ' inHg', 855.4323199060807],[0.0, 'count', 0.0, 1729918235.7296696],[19.88384, 'miles'],[0.0, '/min', 0.0, '/min']
2024-10-25 23:51:39.760669,[40.46, 'f'],[33.81967611141623, 'f'],[77.0, '%'],[0.0, ' in/hr', 'Currently Dry', 0.0],[0.0, ' in', 0.0, 1729918299.759362],['N', '', 'Calm', '[color=9aba2fff]Calm[/color]'],[0.0, 'mph', 0.0, '0', 'Calm Conditions'],[25.261001950058553, ' inHg', 855.4323199060807],[0.0, 'count', 0.0, 1729918298.8071854],[19.88384, 'miles'],[0.0, '/min', 0.0, '/min']
2024-10-25 23:52:37.018375,[40.46, 'f'],[33.81967611141623, 'f'],[77.0, '%'],[0.0, ' in/hr', 'Currently Dry', 0.0],[0.0, ' in', 0.0, 1729918357.0157266],['N', '', 'Calm', '[color=9aba2fff]Calm[/color]'],[0.0, 'mph', 0.0, '0', 'Calm Conditions'],[25.261001950058553, ' inHg', 855.4323199060807],[0.0, 'count', 0.0, 1729918356.892947],[19.88384, 'miles'],[0.0, '/min', 0.0, '/min']
2024-10-25 23:53:38.911440,[40.28, 'f'],[33.64499586854366, 'f'],[77.0, '%'],[0.0, ' in/hr', 'Currently Dry', 0.0],[0.0, ' in', 0.0, 1729918418.9105866],['ESE', '', 'ESE', 'East [color=9aba2fff]SE[/color]'],[0.6710808876163199, 'mph', 0.0, '0', 'Calm Conditions'],[25.261001950058553, ' inHg', 855.4323199060807],[0.0, 'count', 0.0, 1729918418.8100152],[19.88384, 'miles'],[0.0, '/min', 0.0, '/min']
2024-10-25 23:54:38.721945,[40.28, 'f'],[33.96792311733209, 'f'],[78.0, '%'],[0.0, ' in/hr', 'Currently Dry', 0.0],[0.0, ' in', 0.0, 1729918478.7210767],['E', '', 'E', 'Due [color=9aba2fff]East[/color]'],[0.022369362920544, 'mph', 0.0, '0', 'Calm Conditions'],[25.261001950058553, ' inHg', 855.4323199060807],[0.0, 'count', 0.0, 1729918477.8637178],[19.88384, 'miles'],[0.0, '/min', 0.0, '/min']
2024-10-25 23:55:39.758650,[40.28, 'f'],[33.96792311733209, 'f'],[78.0, '%'],[0.0, ' in/hr', 'Currently Dry', 0.0],[0.0, ' in', 0.0, 1729918539.7573483],['N', '', 'Calm', '[color=9aba2fff]Calm[/color]'],[0.0, 'mph', 0.0, '0', 'Calm Conditions'],[25.261001950058553, ' inHg', 855.4323199060807],[0.0, 'count', 0.0, 1729918538.8212116],[19.88384, 'miles'],[0.0, '/min', 0.0, '/min']
2024-10-25 23:56:39.782512,[40.28, 'f'],[33.96792311733209, 'f'],[78.0, '%'],[0.0, ' in/hr', 'Currently Dry', 0.0],[0.0, ' in', 0.0, 1729918599.7812374],['N', '', 'Calm', '[color=9aba2fff]Calm[/color]'],[0.0, 'mph', 0.0, '0', 'Calm Conditions'],[25.261001950058553, ' inHg', 855.4323199060807],[0.0, 'count', 0.0, 1729918598.8244936],[19.88384, 'miles'],[0.0, '/min', 0.0, '/min']
2024-10-25 23:57:36.971464,[40.28, 'f'],[33.96792311733209, 'f'],[78.0, '%'],[0.0, ' in/hr', 'Currently Dry', 0.0],[0.0, ' in', 0.0, 1729918656.9703395],['N', '', 'Calm', '[color=9aba2fff]Calm[/color]'],[0.0, 'mph', 0.0, '0', 'Calm Conditions'],[25.261001950058553, ' inHg', 855.4323199060807],[0.0, 'count', 0.0, 1729918656.8165877],[19.88384, 'miles'],[0.0, '/min', 0.0, '/min']
2024-10-25 23:58:38.706132,[40.1, 'f'],[33.7929838079676, 'f'],[78.0, '%'],[0.0, ' in/hr', 'Currently Dry', 0.0],[0.0, ' in', 0.0, 1729918718.7048218],['N', '', 'Calm', '[color=9aba2fff]Calm[/color]'],[0.0, 'mph', 0.0, '0', 'Calm Conditions'],[25.261001950058553, ' inHg', 855.4323199060807],[0.0, 'count', 0.0, 1729918717.8235781],[19.88384, 'miles'],[0.0, '/min', 0.0, '/min']
2024-10-25 23:59:38.913755,[40.1, 'f'],[33.7929838079676, 'f'],[78.0, '%'],[0.0, ' in/hr', 'Currently Dry', 0.0],[0.0, ' in', 0.0, 1729918778.9128942],['N', '', 'Calm', '[color=9aba2fff]Calm[/color]'],[0.0, 'mph', 0.0, '0', 'Calm Conditions'],[25.261001950058553, ' inHg', 855.4323199060807],[0.0, 'count', 0.0, 1729918778.8081675],[19.88384, 'miles'],[0.0, '/min', 0.0, '/min']
